<?xml version="1.0" encoding="UTF-8"?>
<copybook filename="zTst.cbl" dialect="Mainframe" cb2xml-format="2017">
    <item level="03" name="CXXCJSRNSEG2" position="1" storage-length="270" display-length="270" display-position="1">
        <item level="05" name="SV1-STIMLESS-ZX-MANAGE-SEGMENT" position="1" storage-length="7" display-length="7" display-position="1">
            <item level="07" name="SV1-KALDONIS-STIMLESS" position="1" storage-length="7" display-length="7" display-position="1">
                <item level="09" name="SV1-TREE-STIMLESS" picture="9(07)" position="1" storage-length="7" display-length="7" numeric="COBOL_NUMERIC" display-position="1"/>
            </item>
        </item>
        <!--******    09 SV1-RECTIFIM-PREFIX.-->
        <!--**           11 SV1-BUG-PREFIX   PIC 9(03).-->
        <!--**           11 SV1-NUMBER-PREFIX.-->
        <!--**              13 SV1-PREFIX-SIXERS-THROGH PIC 9(05).-->
        <item level="05" name="SW4-NTUN-SW4" position="8" storage-length="263" display-length="263" display-position="8">
            <item level="07" name="FILLER" picture="X(23)" position="8" storage-length="63" display-length="63" display-position="8"/>
            <item level="07" name="FILLER" picture="X(3)" position="71" storage-length="47" display-length="47" display-position="71"/>
            <item level="07" name="SW4-SVR-H-SKL" picture="X(12)" position="118" storage-length="12" display-length="12" display-position="118"/>
            <item level="07" name="SW4-TZR-H-SKL" picture="X(12)" position="130" storage-length="12" display-length="12" display-position="130"/>
            <item level="07" name="SW4-SVR-SKL-X" picture="X(12)" position="142" storage-length="12" display-length="12" display-position="142"/>
            <item level="07" name="SW4-TZR-SKL-X" picture="X(12)" position="154" storage-length="12" display-length="12" display-position="154"/>
            <item level="07" name="SW4-AML-ATC-X" picture="X(12)" position="166" storage-length="12" display-length="12" display-position="166"/>
            <item level="07" name="SW4-FILLER" picture="X(93)" position="178" storage-length="93" display-length="93" display-position="178"/>
        </item>
    </item>
</copybook>